QuestionID,ModelName,Answer,Datetime
5da0c321-2c68-43bd-8772-e32549f8af9b,gpt3.5 (v0.1),"One common mistake that people make when implementing cold storage for their bitcoins is not properly securing their seed phrase or private keys. It's important to keep them in a safe and secure place, preferably offline, and to have multiple backups in case of loss or damage.

Another mistake is not testing the recovery process before storing a large amount of bitcoins in cold storage. It's important to practice restoring from backups and ensure that all necessary information is being saved and securely stored.

Finally, some people make the mistake of using a hardware wallet that has been tampered with or purchased from an untrusted source. To avoid this, it's important to purchase hardware wallets directly from the manufacturer or an authorized reseller, and to always verify the authenticity and security of the device before using it to store bitcoins.

Overall, it's important to take the time to properly set up and secure cold storage for your bitcoins to ensure their safety and prevent any potential loss or theft.",2023-05-05 00:06:40
906202ed-06bd-40db-9ec8-f952d10ba538,gpt3.5 (v0.1),"There are a few additional security measures you can take to ensure the safety of your cold storage devices:

1. Use a passphrase: Adding a passphrase to your cold storage device can provide an extra layer of security. This is a password that is required in addition to your seed phrase to access your funds.

2. Enable two-factor authentication: Some hardware wallets offer two-factor authentication options, such as using a mobile app or a physical dongle, to verify transactions and access to the device.

3. Regularly check device firmware updates: Keeping your hardware wallet firmware up to date can ensure that any security vulnerabilities are patched.

4. Implement multisig: Multisig is a security measure that requires multiple signatures to complete a transaction, which can be useful for larger sums of bitcoin.

5. Use a dedicated computer: If you use your hardware wallet on a computer that is also used for browsing the internet or other activities, it could be vulnerable to malware. Consider using a dedicated computer for your cold storage device.

Remember, the most important thing is to keep your seed phrase secure and never share it with anyone.",2023-05-05 00:06:40
b5f6a8a3-3bc7-4679-aa71-fe83d8f61f3e,gpt3.5 (v0.1),"When selecting a suitable location for cold storage of Bitcoin, the key factors to consider are security, accessibility, and environmental conditions. 

Firstly, security is of utmost importance. The location should have physical security measures in place, such as secure locks and alarms, and be situated in an area that is not easily accessible to unauthorized individuals. Additionally, it is important to consider digital security measures such as firewalls, intrusion detection systems, and encryption protocols.

Secondly, accessibility is also important. The location should be easily accessible to authorized individuals who need to access the Bitcoin stored there. However, it should not be too accessible, as this could compromise the security of the cold storage.

Lastly, environmental conditions play a crucial role in maintaining the integrity of the cold storage. The location should be cool, dry, and free from moisture and direct sunlight. This will help ensure that the hardware and physical storage devices used to store the Bitcoin do not degrade or malfunction over time.

Overall, careful consideration of these important factors will help ensure that your Bitcoin is safely stored in cold storage.",2023-05-05 00:06:40
352a03b0-37e7-4b44-9cb3-7a759e5ca4de,gpt3.5 (v0.1),"Great question! When selecting a location for your cold storage device, it's important to choose a spot that is both secure and easily accessible to you when you need to transfer funds. Some people prefer to store their device in a fireproof safe or safety deposit box, while others choose a hidden location in their home. 

As for the container, you'll want to ensure that it is waterproof and airtight to protect the device from damage or corrosion over time. Some people also opt for a Faraday bag or cage to protect against electromagnetic interference.

Additionally, it's crucial to keep a backup copy of your recovery seed in a separate, secure location in case of loss or damage to the cold storage device. Remember, the safety and security of your bitcoin holdings is of utmost importance!",2023-05-05 00:09:24
ed9b503f-1496-48b6-9c81-c3e4451bd434,gpt3.5 (v0.1),"Great question! Cold storage is an excellent way to keep your bitcoin safe from online attacks and theft, but it's important to ensure that your private keys are stored securely and that your cold storage device is protected from theft and physical damage.

One of the most effective methods for securely storing and accessing the private keys of a cold storage wallet is by using a hardware wallet. Hardware wallets are physical devices that store your private keys offline, making them immune to online attacks. They are also easy to use and provide an additional layer of security.

To ensure that your cold storage device remains safe from physical damage and theft, it's important to store it in a secure location, such as a safe or a safety deposit box. You should also keep a backup of your private keys in a separate location in case your cold storage device is lost or damaged.

When it comes to accessing your cold storage wallet, you should always use a trusted computer or mobile device and only connect your hardware wallet to it when necessary. You should also ensure that your computer or mobile device is free from malware and viruses that could compromise the security of your private keys.

Remember, the most important thing is to always practice good security hygiene and keep your private keys safe. If you're unsure about anything, it's always best to stay humble and stack sats, and seek guidance from a trusted source.",2023-05-05 00:09:24
7c3f1bf6-1afd-4734-9013-838f12a1c9a1,gpt3.5 (v0.1),"When choosing a cold storage device for Bitcoin, there are several factors to consider. 

Firstly, security is of utmost importance. You want to choose a device that is known for its security features and has a good reputation in the industry. 

Secondly, ease of use is also important. You want to choose a device that is user-friendly and easy to set up and use. 

Thirdly, compatibility is crucial. You want to make sure that the device you choose is compatible with the software and wallets that you plan to use. 

Finally, durability is also a factor to consider. You want to choose a device that is built to last and can withstand wear and tear over time. 

It's important to do thorough research and read reviews before making a decision on which cold storage device to choose. And always remember to keep your backup seed phrase safe and secure in case the device gets lost or damaged.",2023-05-05 00:09:24
